knowledge_id,cell,service,capability,application,generation_policy,usage_instruction,taxonomy_statuses,notes,source_relation_ids,document_ids,retrieval_key
KB-IPR-001,INFRA PÚBLICA RESILIENTE,Asesoría a Inspección Fiscal,Sistema de gestión de calidad ISO 9001:2015 para elaboración de informes de inspección técnica,Obra en construcción / instalación de equipamiento,USE_AUDITED_CORRECTION,Usar únicamente la versión corregida/normalizada por la auditoría 2A.1B; no reutilizar la normalización anterior.,NORMALIZADO_SEGUN_AUDITORIA,La aplicación “obra pública” fue retirada por auditoría.,R0020,DOC-01,INFRA PÚBLICA RESILIENTE > Asesoría a Inspección Fiscal > Sistema de gestión de calidad ISO 9001:2015 para elaboración de informes de inspección técnica > Obra en construcción / instalación de equipamiento
KB-IPR-002,INFRA PÚBLICA RESILIENTE,Estudios de falla de componentes,Peritaje de componentes metálicos,Pavimento de autopistas,USE_FACTUAL,"Puede usarse como conocimiento técnico factual, respetando literalmente el alcance respaldado por la evidencia.",VALIDADO_2A1B,,R0028,DOC-01,INFRA PÚBLICA RESILIENTE > Estudios de falla de componentes > Peritaje de componentes metálicos > Pavimento de autopistas
KB-IPR-003,INFRA PÚBLICA RESILIENTE,Laboratorio en obra,Ensayos de materiales en terreno,Terminal aeroportuario,USE_FACTUAL,"Puede usarse como conocimiento técnico factual, respetando literalmente el alcance respaldado por la evidencia.",VALIDADO_2A1B,,R0036,DOC-01,INFRA PÚBLICA RESILIENTE > Laboratorio en obra > Ensayos de materiales en terreno > Terminal aeroportuario
KB-IPR-004,INFRA PÚBLICA RESILIENTE,Laboratorio en obra,Laboratorio permanente en faena,Infraestructura pública,USE_FACTUAL,"Puede usarse como conocimiento técnico factual, respetando literalmente el alcance respaldado por la evidencia.",VALIDADO_2A1B,,R0064 | R0219,DOC-04 | DOC-29,INFRA PÚBLICA RESILIENTE > Laboratorio en obra > Laboratorio permanente en faena > Infraestructura pública
KB-IPR-005,INFRA PÚBLICA RESILIENTE,Evaluación de capacidad de carga de puentes,Modelación por elementos finitos y topografía de trazado,Puente vial,USE_FACTUAL,"Puede usarse como conocimiento técnico factual, respetando literalmente el alcance respaldado por la evidencia.",VALIDADO_2A1B,,R0039,DOC-01,INFRA PÚBLICA RESILIENTE > Evaluación de capacidad de carga de puentes > Modelación por elementos finitos y topografía de trazado > Puente vial
KB-IPR-006,INFRA PÚBLICA RESILIENTE,Estudios y peritajes contractuales,Peritaje de controversias contractuales,Contratos públicos,USE_FACTUAL,"Puede usarse como conocimiento técnico factual, respetando literalmente el alcance respaldado por la evidencia.",VALIDADO_2A1B,No se generaliza a “Sistema de concesiones”.,R0113,DOC-14,INFRA PÚBLICA RESILIENTE > Estudios y peritajes contractuales > Peritaje de controversias contractuales > Contratos públicos
KB-IPR-007,INFRA PÚBLICA RESILIENTE,Estudios y peritajes contractuales,Soporte ante el Panel Técnico de Concesiones,Panel Técnico de Concesiones,USE_AUDITED_CORRECTION,Usar únicamente la versión corregida/normalizada por la auditoría 2A.1B; no reutilizar la normalización anterior.,NORMALIZADO_SEGUN_AUDITORIA,No se generaliza a “Sistema de concesiones”.,R0114,DOC-14,INFRA PÚBLICA RESILIENTE > Estudios y peritajes contractuales > Soporte ante el Panel Técnico de Concesiones > Panel Técnico de Concesiones
KB-IPR-008,INFRA PÚBLICA RESILIENTE,Asesoría a mandantes públicos,Acompañamiento del ciclo completo de proyecto público,Proyectos del sector público,USE_FACTUAL,"Puede usarse como conocimiento técnico factual, respetando literalmente el alcance respaldado por la evidencia.",VALIDADO_2A1B,,R0124,DOC-17,INFRA PÚBLICA RESILIENTE > Asesoría a mandantes públicos > Acompañamiento del ciclo completo de proyecto público > Proyectos del sector público
KB-IPR-009,INFRA PÚBLICA RESILIENTE,Sustentabilidad,CES / GREEN HOSPITAL / LEED,Sector público,USE_AUDITED_CORRECTION,Usar únicamente la versión corregida/normalizada por la auditoría 2A.1B; no reutilizar la normalización anterior.,NORMALIZADO_SEGUN_AUDITORIA,Se conservan como nombres/referencias; no se afirma que los tres sean certificaciones.,R0126,DOC-17,INFRA PÚBLICA RESILIENTE > Sustentabilidad > CES / GREEN HOSPITAL / LEED > Sector público
KB-IPR-010,INFRA PÚBLICA RESILIENTE,Ingeniería contractual,Diagnóstico contractual,Obras públicas,USE_AUDITED_CORRECTION,Usar únicamente la versión corregida/normalizada por la auditoría 2A.1B; no reutilizar la normalización anterior.,NORMALIZADO_SEGUN_AUDITORIA,"“Servicios Ágiles” se conserva como etiqueta editorial, no como nivel taxonómico.",R0137 | R0148,DOC-18 | DOC-20,INFRA PÚBLICA RESILIENTE > Ingeniería contractual > Diagnóstico contractual > Obras públicas
KB-IPR-011,INFRA PÚBLICA RESILIENTE,Ingeniería contractual,Análisis de prefactibilidad de un reclamo,Obras públicas,USE_AUDITED_CORRECTION,Usar únicamente la versión corregida/normalizada por la auditoría 2A.1B; no reutilizar la normalización anterior.,NORMALIZADO_SEGUN_AUDITORIA,"“Servicios Ágiles” se conserva como etiqueta editorial, no como nivel taxonómico.",R0137 | R0148,DOC-18 | DOC-20,INFRA PÚBLICA RESILIENTE > Ingeniería contractual > Análisis de prefactibilidad de un reclamo > Obras públicas
KB-IPR-012,INFRA PÚBLICA RESILIENTE,Ingeniería contractual,Apoyo técnico para lograr acuerdo,Obras públicas,USE_AUDITED_CORRECTION,Usar únicamente la versión corregida/normalizada por la auditoría 2A.1B; no reutilizar la normalización anterior.,NORMALIZADO_SEGUN_AUDITORIA,"“Servicios Ágiles” se conserva como etiqueta editorial, no como nivel taxonómico.",R0137 | R0148,DOC-18 | DOC-20,INFRA PÚBLICA RESILIENTE > Ingeniería contractual > Apoyo técnico para lograr acuerdo > Obras públicas
KB-IPR-013,INFRA PÚBLICA RESILIENTE,Ingeniería contractual,Análisis a la programación de la obra,Obras públicas,USE_AUDITED_CORRECTION,Usar únicamente la versión corregida/normalizada por la auditoría 2A.1B; no reutilizar la normalización anterior.,NORMALIZADO_SEGUN_AUDITORIA,"“Servicios Ágiles” se conserva como etiqueta editorial, no como nivel taxonómico.",R0137 | R0148,DOC-18 | DOC-20,INFRA PÚBLICA RESILIENTE > Ingeniería contractual > Análisis a la programación de la obra > Obras públicas
KB-IPR-014,INFRA PÚBLICA RESILIENTE,Ingeniería contractual,Análisis ante término anticipado de contrato,Obras públicas,USE_AUDITED_CORRECTION,Usar únicamente la versión corregida/normalizada por la auditoría 2A.1B; no reutilizar la normalización anterior.,NORMALIZADO_SEGUN_AUDITORIA,"“Servicios Ágiles” se conserva como etiqueta editorial, no como nivel taxonómico.",R0137 | R0148,DOC-18 | DOC-20,INFRA PÚBLICA RESILIENTE > Ingeniería contractual > Análisis ante término anticipado de contrato > Obras públicas
KB-IPR-015,INFRA PÚBLICA RESILIENTE,Ingeniería contractual,,Terminal Internacional Aeropuerto AMB,USE_AUDITED_CORRECTION,Usar únicamente la versión corregida/normalizada por la auditoría 2A.1B; no reutilizar la normalización anterior.,NORMALIZADO_SEGUN_AUDITORIA | VALIDADO_2A1B,"“Servicios Ágiles” se conserva como etiqueta editorial, no como nivel taxonómico.",R0291,DOC-01,INFRA PÚBLICA RESILIENTE > Ingeniería contractual > Terminal Internacional Aeropuerto AMB
KB-IPR-016,INFRA PÚBLICA RESILIENTE,Servicios de Tecnología de la Construcción,Asesoría e innovación para edificación pública,Edificación pública,USE_FACTUAL,"Puede usarse como conocimiento técnico factual, respetando literalmente el alcance respaldado por la evidencia.",VALIDADO_2A1B,,R0262 | R0275,DOC-16 | DOC-31,INFRA PÚBLICA RESILIENTE > Servicios de Tecnología de la Construcción > Asesoría e innovación para edificación pública > Edificación pública
KB-IPR-017,INFRA PÚBLICA RESILIENTE,Sustentabilidad y Arquitectura,Soluciones de sustentabilidad y arquitectura,Infraestructura y edificación pública,USE_WITH_MATIZ,Puede usarse sólo conservando el matiz/limitación registrada; no ampliar el alcance.,VALIDADO_CON_MATIZ_2A1B,,R0263 | R0276,DOC-16 | DOC-31,INFRA PÚBLICA RESILIENTE > Sustentabilidad y Arquitectura > Soluciones de sustentabilidad y arquitectura > Infraestructura y edificación pública
KB-IPR-018,INFRA PÚBLICA RESILIENTE,Sustentabilidad y Arquitectura,Planes y estudios de cambio climático,Infraestructura territorial/comunal,USE_FACTUAL,"Puede usarse como conocimiento técnico factual, respetando literalmente el alcance respaldado por la evidencia.",VALIDADO_2A1B,,R0264 | R0277,DOC-16 | DOC-31,INFRA PÚBLICA RESILIENTE > Sustentabilidad y Arquitectura > Planes y estudios de cambio climático > Infraestructura territorial/comunal
KB-IPR-019,INFRA PÚBLICA RESILIENTE,Ingeniería contra incendios,Asesoría y estudios de ingeniería contra incendios,Infraestructura pública/edificación,USE_WITH_MATIZ,Puede usarse sólo conservando el matiz/limitación registrada; no ampliar el alcance.,VALIDADO_CON_MATIZ_2A1B,,R0267 | R0280,DOC-16 | DOC-31,INFRA PÚBLICA RESILIENTE > Ingeniería contra incendios > Asesoría y estudios de ingeniería contra incendios > Infraestructura pública/edificación
KB-IPR-020,INFRA PÚBLICA RESILIENTE,Ingeniería contra incendios,,Terminal Internacional Aeropuerto AMB,USE_WITH_MATIZ,Puede usarse sólo conservando el matiz/limitación registrada; no ampliar el alcance.,VALIDADO_2A1B | VALIDADO_CON_MATIZ_2A1B,,R0290,DOC-01,INFRA PÚBLICA RESILIENTE > Ingeniería contra incendios > Terminal Internacional Aeropuerto AMB
KB-IPR-021,INFRA PÚBLICA RESILIENTE,Servicios de ingeniería acústica,"Ensayos, monitoreo y soluciones acústicas",Edificación pública/entorno,USE_WITH_MATIZ,Puede usarse sólo conservando el matiz/limitación registrada; no ampliar el alcance.,VALIDADO_CON_MATIZ_2A1B,,R0271 | R0284,DOC-16 | DOC-31,"INFRA PÚBLICA RESILIENTE > Servicios de ingeniería acústica > Ensayos, monitoreo y soluciones acústicas > Edificación pública/entorno"
KB-IPR-022,INFRA PÚBLICA RESILIENTE,Evaluación estructural y peritajes,,Puente Viejo Cautín,USE_FACTUAL,"Puede usarse como conocimiento técnico factual, respetando literalmente el alcance respaldado por la evidencia.",VALIDADO_2A1B,,R0288,DOC-01,INFRA PÚBLICA RESILIENTE > Evaluación estructural y peritajes > Puente Viejo Cautín
KB-IPR-023,INFRA PÚBLICA RESILIENTE,Diagnóstico técnico de obras ejecutadas,Diagnóstico de estado actual,Centro Cultural GAM,USE_FACTUAL,"Puede usarse como conocimiento técnico factual, respetando literalmente el alcance respaldado por la evidencia.",VALIDADO_2A1B,,R0289,DOC-01,INFRA PÚBLICA RESILIENTE > Diagnóstico técnico de obras ejecutadas > Diagnóstico de estado actual > Centro Cultural GAM
KB-IPR-024,INFRA PÚBLICA RESILIENTE,Ensayos de especialidades,,Terminal Internacional Aeropuerto AMB,USE_FACTUAL,"Puede usarse como conocimiento técnico factual, respetando literalmente el alcance respaldado por la evidencia.",VALIDADO_2A1B,,R0292,DOC-01,INFRA PÚBLICA RESILIENTE > Ensayos de especialidades > Terminal Internacional Aeropuerto AMB
KB-IHA-001,INFRA HOSPITALARIA Y ASISTENCIAL,Sustentabilidad,GREEN HOSPITAL,,NAME_ONLY_DO_NOT_EXPAND,"Puede mencionarse el término, pero no explicar metodología, alcance, entregable ni equivalencias no documentadas.",TERMINO_FUENTE_NO_DEFINIDO,GREEN HOSPITAL se conserva como término fuente; su alcance técnico no está definido por el brochure.,R0125,DOC-17,INFRA HOSPITALARIA Y ASISTENCIAL > Sustentabilidad > GREEN HOSPITAL
KB-IHA-002,INFRA HOSPITALARIA Y ASISTENCIAL,Ingeniería contractual,Diagnóstico contractual,Salud,USE_AUDITED_CORRECTION,Usar únicamente la versión corregida/normalizada por la auditoría 2A.1B; no reutilizar la normalización anterior.,NORMALIZADO_SEGUN_AUDITORIA,"“Servicios Ágiles” se conserva como etiqueta editorial, no como nivel taxonómico.",R0135 | R0146,DOC-18 | DOC-20,INFRA HOSPITALARIA Y ASISTENCIAL > Ingeniería contractual > Diagnóstico contractual > Salud
KB-IHA-003,INFRA HOSPITALARIA Y ASISTENCIAL,Ingeniería contractual,Análisis de prefactibilidad de un reclamo,Salud,USE_AUDITED_CORRECTION,Usar únicamente la versión corregida/normalizada por la auditoría 2A.1B; no reutilizar la normalización anterior.,NORMALIZADO_SEGUN_AUDITORIA,"“Servicios Ágiles” se conserva como etiqueta editorial, no como nivel taxonómico.",R0135 | R0146,DOC-18 | DOC-20,INFRA HOSPITALARIA Y ASISTENCIAL > Ingeniería contractual > Análisis de prefactibilidad de un reclamo > Salud
KB-IHA-004,INFRA HOSPITALARIA Y ASISTENCIAL,Ingeniería contractual,Apoyo técnico para lograr acuerdo,Salud,USE_AUDITED_CORRECTION,Usar únicamente la versión corregida/normalizada por la auditoría 2A.1B; no reutilizar la normalización anterior.,NORMALIZADO_SEGUN_AUDITORIA,"“Servicios Ágiles” se conserva como etiqueta editorial, no como nivel taxonómico.",R0135 | R0146,DOC-18 | DOC-20,INFRA HOSPITALARIA Y ASISTENCIAL > Ingeniería contractual > Apoyo técnico para lograr acuerdo > Salud
KB-IHA-005,INFRA HOSPITALARIA Y ASISTENCIAL,Ingeniería contractual,Análisis a la programación de la obra,Salud,USE_AUDITED_CORRECTION,Usar únicamente la versión corregida/normalizada por la auditoría 2A.1B; no reutilizar la normalización anterior.,NORMALIZADO_SEGUN_AUDITORIA,"“Servicios Ágiles” se conserva como etiqueta editorial, no como nivel taxonómico.",R0135 | R0146,DOC-18 | DOC-20,INFRA HOSPITALARIA Y ASISTENCIAL > Ingeniería contractual > Análisis a la programación de la obra > Salud
KB-IHA-006,INFRA HOSPITALARIA Y ASISTENCIAL,Ingeniería contractual,Análisis ante término anticipado de contrato,Salud,USE_AUDITED_CORRECTION,Usar únicamente la versión corregida/normalizada por la auditoría 2A.1B; no reutilizar la normalización anterior.,NORMALIZADO_SEGUN_AUDITORIA,"“Servicios Ágiles” se conserva como etiqueta editorial, no como nivel taxonómico.",R0135 | R0146,DOC-18 | DOC-20,INFRA HOSPITALARIA Y ASISTENCIAL > Ingeniería contractual > Análisis ante término anticipado de contrato > Salud
KB-IOM-001,INFRA OPERACIÓN MINERA,Monitoreo geotécnico,Instrumentación y monitoreo remoto de depósitos de relaves,Depósitos de relaves,USE_FACTUAL,"Puede usarse como conocimiento técnico factual, respetando literalmente el alcance respaldado por la evidencia.",VALIDADO_2A1B,,R0010,DOC-01,INFRA OPERACIÓN MINERA > Monitoreo geotécnico > Instrumentación y monitoreo remoto de depósitos de relaves > Depósitos de relaves
KB-IOM-002,INFRA OPERACIÓN MINERA,Monitoreo geotécnico,Monitoreo remoto,Depósitos de relaves,USE_FACTUAL,"Puede usarse como conocimiento técnico factual, respetando literalmente el alcance respaldado por la evidencia.",VALIDADO_2A1B,,R0011,DOC-01,INFRA OPERACIÓN MINERA > Monitoreo geotécnico > Monitoreo remoto > Depósitos de relaves
KB-IOM-003,INFRA OPERACIÓN MINERA,Ingeniería de apoyo para proyectos mineros,Levantamiento multidisciplinario de condiciones existentes,Infraestructura minera,USE_FACTUAL,"Puede usarse como conocimiento técnico factual, respetando literalmente el alcance respaldado por la evidencia.",VALIDADO_2A1B,,R0040,DOC-01,INFRA OPERACIÓN MINERA > Ingeniería de apoyo para proyectos mineros > Levantamiento multidisciplinario de condiciones existentes > Infraestructura minera
KB-IOM-004,INFRA OPERACIÓN MINERA,Ingeniería de apoyo para proyectos mineros,Equipo multidisciplinario con modelación BIM,Infraestructura minera,USE_FACTUAL,"Puede usarse como conocimiento técnico factual, respetando literalmente el alcance respaldado por la evidencia.",VALIDADO_2A1B,,R0041,DOC-01,INFRA OPERACIÓN MINERA > Ingeniería de apoyo para proyectos mineros > Equipo multidisciplinario con modelación BIM > Infraestructura minera
KB-IOM-005,INFRA OPERACIÓN MINERA,Servicios de ingeniería acústica,Estudio de impacto acústico y mapas de ruido,Proyectos mineros,USE_FACTUAL,"Puede usarse como conocimiento técnico factual, respetando literalmente el alcance respaldado por la evidencia.",VALIDADO_2A1B,,R0056,DOC-02,INFRA OPERACIÓN MINERA > Servicios de ingeniería acústica > Estudio de impacto acústico y mapas de ruido > Proyectos mineros
KB-IOM-006,INFRA OPERACIÓN MINERA,Servicios a operación minera,Monitoreo de estructuras y equipos,Activos críticos de operación minera,USE_AUDITED_CORRECTION,Usar únicamente la versión corregida/normalizada por la auditoría 2A.1B; no reutilizar la normalización anterior.,NORMALIZADO_SEGUN_AUDITORIA,Bloque agrupado separado en capacidades/servicios declarados. | Capacidad explícita conservada. | Capacidad explícita que había sido omitida en la normalización inicial. | No se introduce “digital”. | Se conserva “preventivo”; no se convierte en predictivo. | Término fuente conservado sin definición técnica adicional. | “Servicios de alta especialización” se trata como etiqueta editorial; no se introduce “digital”.,R0077,DOC-07,INFRA OPERACIÓN MINERA > Servicios a operación minera > Monitoreo de estructuras y equipos > Activos críticos de operación minera
KB-IOM-007,INFRA OPERACIÓN MINERA,Servicios a operación minera,Monitoreo de estructuras y equipos,Activos críticos en faena,USE_AUDITED_CORRECTION,Usar únicamente la versión corregida/normalizada por la auditoría 2A.1B; no reutilizar la normalización anterior.,NORMALIZADO_SEGUN_AUDITORIA,Bloque agrupado separado en capacidades/servicios declarados. | Capacidad explícita conservada. | Capacidad explícita que había sido omitida en la normalización inicial. | No se introduce “digital”. | Se conserva “preventivo”; no se convierte en predictivo. | Término fuente conservado sin definición técnica adicional. | “Servicios de alta especialización” se trata como etiqueta editorial; no se introduce “digital”.,R0191,DOC-28,INFRA OPERACIÓN MINERA > Servicios a operación minera > Monitoreo de estructuras y equipos > Activos críticos en faena
KB-IOM-008,INFRA OPERACIÓN MINERA,Servicios a operación minera,Monitoreo de salud estructural,Activos críticos mineros,USE_WITH_MATIZ,Puede usarse sólo conservando el matiz/limitación registrada; no ampliar el alcance.,VALIDADO_CON_MATIZ_2A1B,Bloque agrupado separado en capacidades/servicios declarados. | Capacidad explícita conservada. | Capacidad explícita que había sido omitida en la normalización inicial. | No se introduce “digital”. | Se conserva “preventivo”; no se convierte en predictivo. | Término fuente conservado sin definición técnica adicional. | “Servicios de alta especialización” se trata como etiqueta editorial; no se introduce “digital”.,R0078,DOC-07,INFRA OPERACIÓN MINERA > Servicios a operación minera > Monitoreo de salud estructural > Activos críticos mineros
KB-IOM-009,INFRA OPERACIÓN MINERA,Servicios a operación minera,Monitoreo de salud estructural,Activos críticos en faena,USE_WITH_MATIZ,Puede usarse sólo conservando el matiz/limitación registrada; no ampliar el alcance.,VALIDADO_CON_MATIZ_2A1B,Bloque agrupado separado en capacidades/servicios declarados. | Capacidad explícita conservada. | Capacidad explícita que había sido omitida en la normalización inicial. | No se introduce “digital”. | Se conserva “preventivo”; no se convierte en predictivo. | Término fuente conservado sin definición técnica adicional. | “Servicios de alta especialización” se trata como etiqueta editorial; no se introduce “digital”.,R0192,DOC-28,INFRA OPERACIÓN MINERA > Servicios a operación minera > Monitoreo de salud estructural > Activos críticos en faena
KB-IOM-010,INFRA OPERACIÓN MINERA,Servicios a operación minera,Peritajes de fallas estructurales y mecánicas,Elementos mecánicos,USE_AUDITED_CORRECTION,Usar únicamente la versión corregida/normalizada por la auditoría 2A.1B; no reutilizar la normalización anterior.,NORMALIZADO_SEGUN_AUDITORIA,Bloque agrupado separado en capacidades/servicios declarados. | Capacidad explícita conservada. | Capacidad explícita que había sido omitida en la normalización inicial. | No se introduce “digital”. | Se conserva “preventivo”; no se convierte en predictivo. | Término fuente conservado sin definición técnica adicional. | “Servicios de alta especialización” se trata como etiqueta editorial; no se introduce “digital”.,R0079 | R0193,DOC-07 | DOC-28,INFRA OPERACIÓN MINERA > Servicios a operación minera > Peritajes de fallas estructurales y mecánicas > Elementos mecánicos
KB-IOM-011,INFRA OPERACIÓN MINERA,Servicios a operación minera,Peritajes de incendios,,USE_AUDITED_CORRECTION,Usar únicamente la versión corregida/normalizada por la auditoría 2A.1B; no reutilizar la normalización anterior.,NORMALIZADO_SEGUN_AUDITORIA,Bloque agrupado separado en capacidades/servicios declarados. | Capacidad explícita conservada. | Capacidad explícita que había sido omitida en la normalización inicial. | No se introduce “digital”. | Se conserva “preventivo”; no se convierte en predictivo. | Término fuente conservado sin definición técnica adicional. | “Servicios de alta especialización” se trata como etiqueta editorial; no se introduce “digital”.,R0079 | R0193,DOC-07 | DOC-28,INFRA OPERACIÓN MINERA > Servicios a operación minera > Peritajes de incendios
KB-IOM-012,INFRA OPERACIÓN MINERA,Servicios a operación minera,Modelamiento digital de estructuras,Instalaciones mineras,USE_FACTUAL,"Puede usarse como conocimiento técnico factual, respetando literalmente el alcance respaldado por la evidencia.",VALIDADO_2A1B,Bloque agrupado separado en capacidades/servicios declarados. | Capacidad explícita conservada. | Capacidad explícita que había sido omitida en la normalización inicial. | No se introduce “digital”. | Se conserva “preventivo”; no se convierte en predictivo. | Término fuente conservado sin definición técnica adicional. | “Servicios de alta especialización” se trata como etiqueta editorial; no se introduce “digital”.,R0081,DOC-07,INFRA OPERACIÓN MINERA > Servicios a operación minera > Modelamiento digital de estructuras > Instalaciones mineras
KB-IOM-013,INFRA OPERACIÓN MINERA,Servicios a operación minera,Modelamiento digital de estructuras,Infraestructura de operación minera,USE_FACTUAL,"Puede usarse como conocimiento técnico factual, respetando literalmente el alcance respaldado por la evidencia.",VALIDADO_2A1B,Bloque agrupado separado en capacidades/servicios declarados. | Capacidad explícita conservada. | Capacidad explícita que había sido omitida en la normalización inicial. | No se introduce “digital”. | Se conserva “preventivo”; no se convierte en predictivo. | Término fuente conservado sin definición técnica adicional. | “Servicios de alta especialización” se trata como etiqueta editorial; no se introduce “digital”.,R0196,DOC-28,INFRA OPERACIÓN MINERA > Servicios a operación minera > Modelamiento digital de estructuras > Infraestructura de operación minera
KB-IOM-014,INFRA OPERACIÓN MINERA,Servicios a operación minera,Modelamiento preventivo,Activos críticos de operación minera,NAME_ONLY_DO_NOT_EXPAND,"Puede mencionarse el término, pero no explicar metodología, alcance, entregable ni equivalencias no documentadas.",TERMINO_FUENTE_NO_DEFINIDO,Bloque agrupado separado en capacidades/servicios declarados. | Capacidad explícita conservada. | Capacidad explícita que había sido omitida en la normalización inicial. | No se introduce “digital”. | Se conserva “preventivo”; no se convierte en predictivo. | Término fuente conservado sin definición técnica adicional. | “Servicios de alta especialización” se trata como etiqueta editorial; no se introduce “digital”.,R0082,DOC-07,INFRA OPERACIÓN MINERA > Servicios a operación minera > Modelamiento preventivo > Activos críticos de operación minera
KB-IOM-015,INFRA OPERACIÓN MINERA,Servicios a operación minera,Modelamiento preventivo,Activos críticos en faena,NAME_ONLY_DO_NOT_EXPAND,"Puede mencionarse el término, pero no explicar metodología, alcance, entregable ni equivalencias no documentadas.",TERMINO_FUENTE_NO_DEFINIDO,Bloque agrupado separado en capacidades/servicios declarados. | Capacidad explícita conservada. | Capacidad explícita que había sido omitida en la normalización inicial. | No se introduce “digital”. | Se conserva “preventivo”; no se convierte en predictivo. | Término fuente conservado sin definición técnica adicional. | “Servicios de alta especialización” se trata como etiqueta editorial; no se introduce “digital”.,R0195,DOC-28,INFRA OPERACIÓN MINERA > Servicios a operación minera > Modelamiento preventivo > Activos críticos en faena
KB-IOM-016,INFRA OPERACIÓN MINERA,Servicios a operación minera,Revisión de cumplimiento normativo,Marcos normativos y corporativos mineros,USE_FACTUAL,"Puede usarse como conocimiento técnico factual, respetando literalmente el alcance respaldado por la evidencia.",VALIDADO_2A1B,Bloque agrupado separado en capacidades/servicios declarados. | Capacidad explícita conservada. | Capacidad explícita que había sido omitida en la normalización inicial. | No se introduce “digital”. | Se conserva “preventivo”; no se convierte en predictivo. | Término fuente conservado sin definición técnica adicional. | “Servicios de alta especialización” se trata como etiqueta editorial; no se introduce “digital”.,R0083,DOC-07,INFRA OPERACIÓN MINERA > Servicios a operación minera > Revisión de cumplimiento normativo > Marcos normativos y corporativos mineros
KB-IOM-017,INFRA OPERACIÓN MINERA,Servicios a operación minera,Tecnología del hormigón,Instalaciones mineras,USE_WITH_MATIZ,Puede usarse sólo conservando el matiz/limitación registrada; no ampliar el alcance.,VALIDADO_CON_MATIZ_2A1B,Bloque agrupado separado en capacidades/servicios declarados. | Capacidad explícita conservada. | Capacidad explícita que había sido omitida en la normalización inicial. | No se introduce “digital”. | Se conserva “preventivo”; no se convierte en predictivo. | Término fuente conservado sin definición técnica adicional. | “Servicios de alta especialización” se trata como etiqueta editorial; no se introduce “digital”.,R0084,DOC-07,INFRA OPERACIÓN MINERA > Servicios a operación minera > Tecnología del hormigón > Instalaciones mineras
KB-IOM-018,INFRA OPERACIÓN MINERA,Servicios a operación minera,Ingeniería contra incendios,Instalaciones mineras,USE_FACTUAL,"Puede usarse como conocimiento técnico factual, respetando literalmente el alcance respaldado por la evidencia.",VALIDADO_2A1B,Bloque agrupado separado en capacidades/servicios declarados. | Capacidad explícita conservada. | Capacidad explícita que había sido omitida en la normalización inicial. | No se introduce “digital”. | Se conserva “preventivo”; no se convierte en predictivo. | Término fuente conservado sin definición técnica adicional. | “Servicios de alta especialización” se trata como etiqueta editorial; no se introduce “digital”.,R0085,DOC-07,INFRA OPERACIÓN MINERA > Servicios a operación minera > Ingeniería contra incendios > Instalaciones mineras
KB-IOM-019,INFRA OPERACIÓN MINERA,Servicios a operación minera,Soluciones tecnológicas para el control de productividad,Instalaciones mineras,USE_AUDITED_CORRECTION,Usar únicamente la versión corregida/normalizada por la auditoría 2A.1B; no reutilizar la normalización anterior.,NORMALIZADO_SEGUN_AUDITORIA,Bloque agrupado separado en capacidades/servicios declarados. | Capacidad explícita conservada. | Capacidad explícita que había sido omitida en la normalización inicial. | No se introduce “digital”. | Se conserva “preventivo”; no se convierte en predictivo. | Término fuente conservado sin definición técnica adicional. | “Servicios de alta especialización” se trata como etiqueta editorial; no se introduce “digital”.,R0086,DOC-07,INFRA OPERACIÓN MINERA > Servicios a operación minera > Soluciones tecnológicas para el control de productividad > Instalaciones mineras
KB-IOM-020,INFRA OPERACIÓN MINERA,Servicios a operación minera,Soluciones tecnológicas para el control de productividad,Infraestructura de operación minera,USE_AUDITED_CORRECTION,Usar únicamente la versión corregida/normalizada por la auditoría 2A.1B; no reutilizar la normalización anterior.,NORMALIZADO_SEGUN_AUDITORIA,Bloque agrupado separado en capacidades/servicios declarados. | Capacidad explícita conservada. | Capacidad explícita que había sido omitida en la normalización inicial. | No se introduce “digital”. | Se conserva “preventivo”; no se convierte en predictivo. | Término fuente conservado sin definición técnica adicional. | “Servicios de alta especialización” se trata como etiqueta editorial; no se introduce “digital”.,R0199,DOC-28,INFRA OPERACIÓN MINERA > Servicios a operación minera > Soluciones tecnológicas para el control de productividad > Infraestructura de operación minera
KB-IOM-021,INFRA OPERACIÓN MINERA,Servicios a operación minera,Resolución de controversias contractuales,Instalaciones mineras,USE_FACTUAL,"Puede usarse como conocimiento técnico factual, respetando literalmente el alcance respaldado por la evidencia.",VALIDADO_2A1B,Bloque agrupado separado en capacidades/servicios declarados. | Capacidad explícita conservada. | Capacidad explícita que había sido omitida en la normalización inicial. | No se introduce “digital”. | Se conserva “preventivo”; no se convierte en predictivo. | Término fuente conservado sin definición técnica adicional. | “Servicios de alta especialización” se trata como etiqueta editorial; no se introduce “digital”.,R0087,DOC-07,INFRA OPERACIÓN MINERA > Servicios a operación minera > Resolución de controversias contractuales > Instalaciones mineras
KB-IOM-022,INFRA OPERACIÓN MINERA,Servicios a operación minera,Modelo de propagación de ruido,Instalaciones mineras,USE_WITH_MATIZ,Puede usarse sólo conservando el matiz/limitación registrada; no ampliar el alcance.,VALIDADO_CON_MATIZ_2A1B,Bloque agrupado separado en capacidades/servicios declarados. | Capacidad explícita conservada. | Capacidad explícita que había sido omitida en la normalización inicial. | No se introduce “digital”. | Se conserva “preventivo”; no se convierte en predictivo. | Término fuente conservado sin definición técnica adicional. | “Servicios de alta especialización” se trata como etiqueta editorial; no se introduce “digital”.,R0088,DOC-07,INFRA OPERACIÓN MINERA > Servicios a operación minera > Modelo de propagación de ruido > Instalaciones mineras
KB-IOM-023,INFRA OPERACIÓN MINERA,Servicios a operación minera,"Monitoreo preventivo de activos críticos (instrumentación, vibraciones)",Activos críticos mineros,USE_AUDITED_CORRECTION,Usar únicamente la versión corregida/normalizada por la auditoría 2A.1B; no reutilizar la normalización anterior.,NORMALIZADO_SEGUN_AUDITORIA,Bloque agrupado separado en capacidades/servicios declarados. | Capacidad explícita conservada. | Capacidad explícita que había sido omitida en la normalización inicial. | No se introduce “digital”. | Se conserva “preventivo”; no se convierte en predictivo. | Término fuente conservado sin definición técnica adicional. | “Servicios de alta especialización” se trata como etiqueta editorial; no se introduce “digital”.,R0089,DOC-07,"INFRA OPERACIÓN MINERA > Servicios a operación minera > Monitoreo preventivo de activos críticos (instrumentación, vibraciones) > Activos críticos mineros"
KB-IOM-024,INFRA OPERACIÓN MINERA,Servicios a operación minera,Proyectos de rehabilitación,Infraestructura de operación minera,USE_FACTUAL,"Puede usarse como conocimiento técnico factual, respetando literalmente el alcance respaldado por la evidencia.",VALIDADO_2A1B,Bloque agrupado separado en capacidades/servicios declarados. | Capacidad explícita conservada. | Capacidad explícita que había sido omitida en la normalización inicial. | No se introduce “digital”. | Se conserva “preventivo”; no se convierte en predictivo. | Término fuente conservado sin definición técnica adicional. | “Servicios de alta especialización” se trata como etiqueta editorial; no se introduce “digital”.,R0194,DOC-28,INFRA OPERACIÓN MINERA > Servicios a operación minera > Proyectos de rehabilitación > Infraestructura de operación minera
KB-IOM-025,INFRA OPERACIÓN MINERA,Servicios a operación minera,Tecnología del hormigón (I+D),Infraestructura de operación minera,USE_AUDITED_CORRECTION,Usar únicamente la versión corregida/normalizada por la auditoría 2A.1B; no reutilizar la normalización anterior.,NORMALIZADO_SEGUN_AUDITORIA,Bloque agrupado separado en capacidades/servicios declarados. | Capacidad explícita conservada. | Capacidad explícita que había sido omitida en la normalización inicial. | No se introduce “digital”. | Se conserva “preventivo”; no se convierte en predictivo. | Término fuente conservado sin definición técnica adicional. | “Servicios de alta especialización” se trata como etiqueta editorial; no se introduce “digital”.,R0200,DOC-28,INFRA OPERACIÓN MINERA > Servicios a operación minera > Tecnología del hormigón (I+D) > Infraestructura de operación minera
KB-IOM-026,INFRA OPERACIÓN MINERA,Servicios a operación minera,Ingeniería y evaluación de riesgos de incendios,Infraestructura de operación minera,USE_AUDITED_CORRECTION,Usar únicamente la versión corregida/normalizada por la auditoría 2A.1B; no reutilizar la normalización anterior.,NORMALIZADO_SEGUN_AUDITORIA,Bloque agrupado separado en capacidades/servicios declarados. | Capacidad explícita conservada. | Capacidad explícita que había sido omitida en la normalización inicial. | No se introduce “digital”. | Se conserva “preventivo”; no se convierte en predictivo. | Término fuente conservado sin definición técnica adicional. | “Servicios de alta especialización” se trata como etiqueta editorial; no se introduce “digital”.,R0200,DOC-28,INFRA OPERACIÓN MINERA > Servicios a operación minera > Ingeniería y evaluación de riesgos de incendios > Infraestructura de operación minera
KB-IOM-027,INFRA OPERACIÓN MINERA,Servicios a operación minera,Inspección de estructuras de acero y peritajes de falla en elementos mecánicos,Infraestructura de operación minera,USE_AUDITED_CORRECTION,Usar únicamente la versión corregida/normalizada por la auditoría 2A.1B; no reutilizar la normalización anterior.,NORMALIZADO_SEGUN_AUDITORIA,Bloque agrupado separado en capacidades/servicios declarados. | Capacidad explícita conservada. | Capacidad explícita que había sido omitida en la normalización inicial. | No se introduce “digital”. | Se conserva “preventivo”; no se convierte en predictivo. | Término fuente conservado sin definición técnica adicional. | “Servicios de alta especialización” se trata como etiqueta editorial; no se introduce “digital”.,R0200,DOC-28,INFRA OPERACIÓN MINERA > Servicios a operación minera > Inspección de estructuras de acero y peritajes de falla en elementos mecánicos > Infraestructura de operación minera
KB-IOM-028,INFRA OPERACIÓN MINERA,Servicios a operación minera,Servicios especializados para la resolución de controversias contractuales,Infraestructura de operación minera,USE_AUDITED_CORRECTION,Usar únicamente la versión corregida/normalizada por la auditoría 2A.1B; no reutilizar la normalización anterior.,NORMALIZADO_SEGUN_AUDITORIA,Bloque agrupado separado en capacidades/servicios declarados. | Capacidad explícita conservada. | Capacidad explícita que había sido omitida en la normalización inicial. | No se introduce “digital”. | Se conserva “preventivo”; no se convierte en predictivo. | Término fuente conservado sin definición técnica adicional. | “Servicios de alta especialización” se trata como etiqueta editorial; no se introduce “digital”.,R0200,DOC-28,INFRA OPERACIÓN MINERA > Servicios a operación minera > Servicios especializados para la resolución de controversias contractuales > Infraestructura de operación minera
KB-IOM-029,INFRA OPERACIÓN MINERA,Servicios a operación minera,Modelo de propagación de ruidos,Infraestructura de operación minera,USE_AUDITED_CORRECTION,Usar únicamente la versión corregida/normalizada por la auditoría 2A.1B; no reutilizar la normalización anterior.,NORMALIZADO_SEGUN_AUDITORIA,Bloque agrupado separado en capacidades/servicios declarados. | Capacidad explícita conservada. | Capacidad explícita que había sido omitida en la normalización inicial. | No se introduce “digital”. | Se conserva “preventivo”; no se convierte en predictivo. | Término fuente conservado sin definición técnica adicional. | “Servicios de alta especialización” se trata como etiqueta editorial; no se introduce “digital”.,R0200,DOC-28,INFRA OPERACIÓN MINERA > Servicios a operación minera > Modelo de propagación de ruidos > Infraestructura de operación minera
KB-IOM-030,INFRA OPERACIÓN MINERA,Revisión integral de proyectos de rehabilitación,Levantamiento de condiciones existentes,Infraestructura física de instalaciones mineras,USE_AUDITED_CORRECTION,Usar únicamente la versión corregida/normalizada por la auditoría 2A.1B; no reutilizar la normalización anterior.,NORMALIZADO_SEGUN_AUDITORIA,,R0080,DOC-07,INFRA OPERACIÓN MINERA > Revisión integral de proyectos de rehabilitación > Levantamiento de condiciones existentes > Infraestructura física de instalaciones mineras
KB-IOM-031,INFRA OPERACIÓN MINERA,Revisión integral de proyectos de rehabilitación,Levantamiento de condiciones existentes,Infraestructura de operaciones mineras,USE_AUDITED_CORRECTION,Usar únicamente la versión corregida/normalizada por la auditoría 2A.1B; no reutilizar la normalización anterior.,NORMALIZADO_SEGUN_AUDITORIA,,R0198,DOC-28,INFRA OPERACIÓN MINERA > Revisión integral de proyectos de rehabilitación > Levantamiento de condiciones existentes > Infraestructura de operaciones mineras
KB-IOM-032,INFRA OPERACIÓN MINERA,Revisión integral de proyectos de rehabilitación,Soporte directo de laboratorios,Infraestructura física de instalaciones mineras,USE_AUDITED_CORRECTION,Usar únicamente la versión corregida/normalizada por la auditoría 2A.1B; no reutilizar la normalización anterior.,NORMALIZADO_SEGUN_AUDITORIA,,R0080,DOC-07,INFRA OPERACIÓN MINERA > Revisión integral de proyectos de rehabilitación > Soporte directo de laboratorios > Infraestructura física de instalaciones mineras
KB-IOM-033,INFRA OPERACIÓN MINERA,Revisión integral de proyectos de rehabilitación,Soporte directo de laboratorios,Infraestructura de operaciones mineras,USE_AUDITED_CORRECTION,Usar únicamente la versión corregida/normalizada por la auditoría 2A.1B; no reutilizar la normalización anterior.,NORMALIZADO_SEGUN_AUDITORIA,,R0198,DOC-28,INFRA OPERACIÓN MINERA > Revisión integral de proyectos de rehabilitación > Soporte directo de laboratorios > Infraestructura de operaciones mineras
KB-IOM-034,INFRA OPERACIÓN MINERA,Revisión integral de proyectos de rehabilitación,Diagnóstico y desarrollo de alternativas de solución,Infraestructura física de instalaciones mineras,USE_AUDITED_CORRECTION,Usar únicamente la versión corregida/normalizada por la auditoría 2A.1B; no reutilizar la normalización anterior.,NORMALIZADO_SEGUN_AUDITORIA,,R0080,DOC-07,INFRA OPERACIÓN MINERA > Revisión integral de proyectos de rehabilitación > Diagnóstico y desarrollo de alternativas de solución > Infraestructura física de instalaciones mineras
KB-IOM-035,INFRA OPERACIÓN MINERA,Revisión integral de proyectos de rehabilitación,Diagnóstico y desarrollo de alternativas de solución,Infraestructura de operaciones mineras,USE_AUDITED_CORRECTION,Usar únicamente la versión corregida/normalizada por la auditoría 2A.1B; no reutilizar la normalización anterior.,NORMALIZADO_SEGUN_AUDITORIA,,R0198,DOC-28,INFRA OPERACIÓN MINERA > Revisión integral de proyectos de rehabilitación > Diagnóstico y desarrollo de alternativas de solución > Infraestructura de operaciones mineras
KB-IOM-036,INFRA OPERACIÓN MINERA,Revisión integral de proyectos de rehabilitación,Ingeniería de rehabilitación,Infraestructura física de instalaciones mineras,USE_AUDITED_CORRECTION,Usar únicamente la versión corregida/normalizada por la auditoría 2A.1B; no reutilizar la normalización anterior.,NORMALIZADO_SEGUN_AUDITORIA,,R0080,DOC-07,INFRA OPERACIÓN MINERA > Revisión integral de proyectos de rehabilitación > Ingeniería de rehabilitación > Infraestructura física de instalaciones mineras
KB-IOM-037,INFRA OPERACIÓN MINERA,Revisión integral de proyectos de rehabilitación,Ingeniería de rehabilitación,Infraestructura de operaciones mineras,USE_AUDITED_CORRECTION,Usar únicamente la versión corregida/normalizada por la auditoría 2A.1B; no reutilizar la normalización anterior.,NORMALIZADO_SEGUN_AUDITORIA,,R0198,DOC-28,INFRA OPERACIÓN MINERA > Revisión integral de proyectos de rehabilitación > Ingeniería de rehabilitación > Infraestructura de operaciones mineras
KB-IOM-038,INFRA OPERACIÓN MINERA,Ingeniería contractual,Diagnóstico contractual,Minería,USE_AUDITED_CORRECTION,Usar únicamente la versión corregida/normalizada por la auditoría 2A.1B; no reutilizar la normalización anterior.,NORMALIZADO_SEGUN_AUDITORIA,"“Servicios Ágiles” se conserva como etiqueta editorial, no como nivel taxonómico.",R0136 | R0147,DOC-18 | DOC-20,INFRA OPERACIÓN MINERA > Ingeniería contractual > Diagnóstico contractual > Minería
KB-IOM-039,INFRA OPERACIÓN MINERA,Ingeniería contractual,Análisis de prefactibilidad de un reclamo,Minería,USE_AUDITED_CORRECTION,Usar únicamente la versión corregida/normalizada por la auditoría 2A.1B; no reutilizar la normalización anterior.,NORMALIZADO_SEGUN_AUDITORIA,"“Servicios Ágiles” se conserva como etiqueta editorial, no como nivel taxonómico.",R0136 | R0147,DOC-18 | DOC-20,INFRA OPERACIÓN MINERA > Ingeniería contractual > Análisis de prefactibilidad de un reclamo > Minería
KB-IOM-040,INFRA OPERACIÓN MINERA,Ingeniería contractual,Apoyo técnico para lograr acuerdo,Minería,USE_AUDITED_CORRECTION,Usar únicamente la versión corregida/normalizada por la auditoría 2A.1B; no reutilizar la normalización anterior.,NORMALIZADO_SEGUN_AUDITORIA,"“Servicios Ágiles” se conserva como etiqueta editorial, no como nivel taxonómico.",R0136 | R0147,DOC-18 | DOC-20,INFRA OPERACIÓN MINERA > Ingeniería contractual > Apoyo técnico para lograr acuerdo > Minería
KB-IOM-041,INFRA OPERACIÓN MINERA,Ingeniería contractual,Análisis a la programación de la obra,Minería,USE_AUDITED_CORRECTION,Usar únicamente la versión corregida/normalizada por la auditoría 2A.1B; no reutilizar la normalización anterior.,NORMALIZADO_SEGUN_AUDITORIA,"“Servicios Ágiles” se conserva como etiqueta editorial, no como nivel taxonómico.",R0136 | R0147,DOC-18 | DOC-20,INFRA OPERACIÓN MINERA > Ingeniería contractual > Análisis a la programación de la obra > Minería
KB-IOM-042,INFRA OPERACIÓN MINERA,Ingeniería contractual,Análisis ante término anticipado de contrato,Minería,USE_AUDITED_CORRECTION,Usar únicamente la versión corregida/normalizada por la auditoría 2A.1B; no reutilizar la normalización anterior.,NORMALIZADO_SEGUN_AUDITORIA,"“Servicios Ágiles” se conserva como etiqueta editorial, no como nivel taxonómico.",R0136 | R0147,DOC-18 | DOC-20,INFRA OPERACIÓN MINERA > Ingeniería contractual > Análisis ante término anticipado de contrato > Minería
KB-IOM-043,INFRA OPERACIÓN MINERA,Gestión de vulnerabilidad e integridad estructural,Inspección y peritaje estructural,Infraestructura minera,USE_FACTUAL,"Puede usarse como conocimiento técnico factual, respetando literalmente el alcance respaldado por la evidencia.",VALIDADO_2A1B,Aplicación directa del servicio; no se usa “Aplicaciones en la industria minera” como servicio. | El levantamiento se trata como capacidad/subservicio del servicio padre. | La fila fuente era un encabezado de aplicaciones; se mueve al servicio padre.,R0152 | R0202,DOC-19 | DOC-27,INFRA OPERACIÓN MINERA > Gestión de vulnerabilidad e integridad estructural > Inspección y peritaje estructural > Infraestructura minera
KB-IOM-044,INFRA OPERACIÓN MINERA,Gestión de vulnerabilidad e integridad estructural,"Levantamiento de información técnica en terreno: inspección visual, aérea y termográfica; modelos 3D con escáner láser y dron",Infraestructura minera,USE_AUDITED_CORRECTION,Usar únicamente la versión corregida/normalizada por la auditoría 2A.1B; no reutilizar la normalización anterior.,NORMALIZADO_SEGUN_AUDITORIA,Aplicación directa del servicio; no se usa “Aplicaciones en la industria minera” como servicio. | El levantamiento se trata como capacidad/subservicio del servicio padre. | La fila fuente era un encabezado de aplicaciones; se mueve al servicio padre.,R0153,DOC-19,"INFRA OPERACIÓN MINERA > Gestión de vulnerabilidad e integridad estructural > Levantamiento de información técnica en terreno: inspección visual, aérea y termográfica; modelos 3D con escáner láser y dron > Infraestructura minera"
KB-IOM-045,INFRA OPERACIÓN MINERA,Gestión de vulnerabilidad e integridad estructural,Seguridad estructural en almacenamiento,Depósitos y relaves,USE_AUDITED_CORRECTION,Usar únicamente la versión corregida/normalizada por la auditoría 2A.1B; no reutilizar la normalización anterior.,NORMALIZADO_SEGUN_AUDITORIA,Aplicación directa del servicio; no se usa “Aplicaciones en la industria minera” como servicio. | El levantamiento se trata como capacidad/subservicio del servicio padre. | La fila fuente era un encabezado de aplicaciones; se mueve al servicio padre.,R0159,DOC-19,INFRA OPERACIÓN MINERA > Gestión de vulnerabilidad e integridad estructural > Seguridad estructural en almacenamiento > Depósitos y relaves
KB-IOM-046,INFRA OPERACIÓN MINERA,Gestión de vulnerabilidad e integridad estructural,Inspección aérea y modelamiento 3D,Infraestructura minera,USE_FACTUAL,"Puede usarse como conocimiento técnico factual, respetando literalmente el alcance respaldado por la evidencia.",VALIDADO_2A1B,Aplicación directa del servicio; no se usa “Aplicaciones en la industria minera” como servicio. | El levantamiento se trata como capacidad/subservicio del servicio padre. | La fila fuente era un encabezado de aplicaciones; se mueve al servicio padre.,R0203,DOC-27,INFRA OPERACIÓN MINERA > Gestión de vulnerabilidad e integridad estructural > Inspección aérea y modelamiento 3D > Infraestructura minera
KB-IOM-047,INFRA OPERACIÓN MINERA,Gestión de vulnerabilidad e integridad estructural,,Soportes; edificios industriales,USE_AUDITED_CORRECTION,Usar únicamente la versión corregida/normalizada por la auditoría 2A.1B; no reutilizar la normalización anterior.,NORMALIZADO_SEGUN_AUDITORIA | VALIDADO_2A1B,Aplicación directa del servicio; no se usa “Aplicaciones en la industria minera” como servicio. | El levantamiento se trata como capacidad/subservicio del servicio padre. | La fila fuente era un encabezado de aplicaciones; se mueve al servicio padre.,R0160,DOC-19,INFRA OPERACIÓN MINERA > Gestión de vulnerabilidad e integridad estructural > Soportes; edificios industriales
KB-IOM-048,INFRA OPERACIÓN MINERA,Gestión de vulnerabilidad e integridad estructural,,Fundaciones; muros; túneles,USE_AUDITED_CORRECTION,Usar únicamente la versión corregida/normalizada por la auditoría 2A.1B; no reutilizar la normalización anterior.,NORMALIZADO_SEGUN_AUDITORIA | VALIDADO_2A1B,Aplicación directa del servicio; no se usa “Aplicaciones en la industria minera” como servicio. | El levantamiento se trata como capacidad/subservicio del servicio padre. | La fila fuente era un encabezado de aplicaciones; se mueve al servicio padre.,R0161,DOC-19,INFRA OPERACIÓN MINERA > Gestión de vulnerabilidad e integridad estructural > Fundaciones; muros; túneles
KB-IOM-049,INFRA OPERACIÓN MINERA,Gestión de vulnerabilidad e integridad estructural,,Torres de transmisión; subestaciones,USE_AUDITED_CORRECTION,Usar únicamente la versión corregida/normalizada por la auditoría 2A.1B; no reutilizar la normalización anterior.,NORMALIZADO_SEGUN_AUDITORIA | VALIDADO_2A1B,Aplicación directa del servicio; no se usa “Aplicaciones en la industria minera” como servicio. | El levantamiento se trata como capacidad/subservicio del servicio padre. | La fila fuente era un encabezado de aplicaciones; se mueve al servicio padre.,R0162,DOC-19,INFRA OPERACIÓN MINERA > Gestión de vulnerabilidad e integridad estructural > Torres de transmisión; subestaciones
KB-IOM-050,INFRA OPERACIÓN MINERA,Gestión de vulnerabilidad e integridad estructural,,Estructuras metálicas: soportes y edificios industriales,USE_AUDITED_CORRECTION,Usar únicamente la versión corregida/normalizada por la auditoría 2A.1B; no reutilizar la normalización anterior.,NORMALIZADO_SEGUN_AUDITORIA | VALIDADO_2A1B,Aplicación directa del servicio; no se usa “Aplicaciones en la industria minera” como servicio. | El levantamiento se trata como capacidad/subservicio del servicio padre. | La fila fuente era un encabezado de aplicaciones; se mueve al servicio padre.,R0206,DOC-27,INFRA OPERACIÓN MINERA > Gestión de vulnerabilidad e integridad estructural > Estructuras metálicas: soportes y edificios industriales
KB-IOM-051,INFRA OPERACIÓN MINERA,Gestión de vulnerabilidad e integridad estructural,,"Infraestructura de obra civil: fundaciones, muros y túneles",USE_AUDITED_CORRECTION,Usar únicamente la versión corregida/normalizada por la auditoría 2A.1B; no reutilizar la normalización anterior.,NORMALIZADO_SEGUN_AUDITORIA | VALIDADO_2A1B,Aplicación directa del servicio; no se usa “Aplicaciones en la industria minera” como servicio. | El levantamiento se trata como capacidad/subservicio del servicio padre. | La fila fuente era un encabezado de aplicaciones; se mueve al servicio padre.,R0206,DOC-27,"INFRA OPERACIÓN MINERA > Gestión de vulnerabilidad e integridad estructural > Infraestructura de obra civil: fundaciones, muros y túneles"
KB-IOM-052,INFRA OPERACIÓN MINERA,Gestión de vulnerabilidad e integridad estructural,,"Equipos estáticos y de soporte: chancadores, molinos y correas",USE_AUDITED_CORRECTION,Usar únicamente la versión corregida/normalizada por la auditoría 2A.1B; no reutilizar la normalización anterior.,NORMALIZADO_SEGUN_AUDITORIA | VALIDADO_2A1B,Aplicación directa del servicio; no se usa “Aplicaciones en la industria minera” como servicio. | El levantamiento se trata como capacidad/subservicio del servicio padre. | La fila fuente era un encabezado de aplicaciones; se mueve al servicio padre.,R0206,DOC-27,"INFRA OPERACIÓN MINERA > Gestión de vulnerabilidad e integridad estructural > Equipos estáticos y de soporte: chancadores, molinos y correas"
KB-IOM-053,INFRA OPERACIÓN MINERA,Gestión de vulnerabilidad e integridad estructural,,Infraestructura eléctrica: torres de transmisión y subestaciones,USE_AUDITED_CORRECTION,Usar únicamente la versión corregida/normalizada por la auditoría 2A.1B; no reutilizar la normalización anterior.,NORMALIZADO_SEGUN_AUDITORIA | VALIDADO_2A1B,Aplicación directa del servicio; no se usa “Aplicaciones en la industria minera” como servicio. | El levantamiento se trata como capacidad/subservicio del servicio padre. | La fila fuente era un encabezado de aplicaciones; se mueve al servicio padre.,R0206,DOC-27,INFRA OPERACIÓN MINERA > Gestión de vulnerabilidad e integridad estructural > Infraestructura eléctrica: torres de transmisión y subestaciones
KB-IOM-054,INFRA OPERACIÓN MINERA,Gestión de vulnerabilidad e integridad estructural,,Depósitos y relaves,USE_AUDITED_CORRECTION,Usar únicamente la versión corregida/normalizada por la auditoría 2A.1B; no reutilizar la normalización anterior.,NORMALIZADO_SEGUN_AUDITORIA | VALIDADO_2A1B,Aplicación directa del servicio; no se usa “Aplicaciones en la industria minera” como servicio. | El levantamiento se trata como capacidad/subservicio del servicio padre. | La fila fuente era un encabezado de aplicaciones; se mueve al servicio padre.,R0206,DOC-27,INFRA OPERACIÓN MINERA > Gestión de vulnerabilidad e integridad estructural > Depósitos y relaves
KB-IOM-055,INFRA OPERACIÓN MINERA,Monitoreo de salud estructural,Sensorización y datos en tiempo real,Infraestructura minera,USE_FACTUAL,"Puede usarse como conocimiento técnico factual, respetando literalmente el alcance respaldado por la evidencia.",VALIDADO_2A1B,"No se extiende automáticamente a chancadores, molinos y correas. | No usar “equipo rotativo” para todo el bloque.",R0154,DOC-19,INFRA OPERACIÓN MINERA > Monitoreo de salud estructural > Sensorización y datos en tiempo real > Infraestructura minera
KB-IOM-056,INFRA OPERACIÓN MINERA,Monitoreo de salud estructural,Análisis de vibraciones de equipo rotativo,Equipo rotativo,USE_AUDITED_CORRECTION,Usar únicamente la versión corregida/normalizada por la auditoría 2A.1B; no reutilizar la normalización anterior.,NORMALIZADO_SEGUN_AUDITORIA,"No se extiende automáticamente a chancadores, molinos y correas. | No usar “equipo rotativo” para todo el bloque.",R0155 | R0204,DOC-19 | DOC-27,INFRA OPERACIÓN MINERA > Monitoreo de salud estructural > Análisis de vibraciones de equipo rotativo > Equipo rotativo
KB-IOM-057,INFRA OPERACIÓN MINERA,Monitoreo de salud estructural,Análisis predictivo de fallas,Infraestructura minera,USE_FACTUAL,"Puede usarse como conocimiento técnico factual, respetando literalmente el alcance respaldado por la evidencia.",VALIDADO_2A1B,"No se extiende automáticamente a chancadores, molinos y correas. | No usar “equipo rotativo” para todo el bloque.",R0156,DOC-19,INFRA OPERACIÓN MINERA > Monitoreo de salud estructural > Análisis predictivo de fallas > Infraestructura minera
KB-IOM-058,INFRA OPERACIÓN MINERA,Monitoreo de salud estructural,Evaluación estructural: diagnóstico del comportamiento general,,USE_AUDITED_CORRECTION,Usar únicamente la versión corregida/normalizada por la auditoría 2A.1B; no reutilizar la normalización anterior.,NORMALIZADO_SEGUN_AUDITORIA,"No se extiende automáticamente a chancadores, molinos y correas. | No usar “equipo rotativo” para todo el bloque.",R0204,DOC-27,INFRA OPERACIÓN MINERA > Monitoreo de salud estructural > Evaluación estructural: diagnóstico del comportamiento general
KB-IOM-059,INFRA OPERACIÓN MINERA,Monitoreo de salud estructural,Seguimiento continuo con sensores: información en tiempo real,,USE_AUDITED_CORRECTION,Usar únicamente la versión corregida/normalizada por la auditoría 2A.1B; no reutilizar la normalización anterior.,NORMALIZADO_SEGUN_AUDITORIA,"No se extiende automáticamente a chancadores, molinos y correas. | No usar “equipo rotativo” para todo el bloque.",R0204,DOC-27,INFRA OPERACIÓN MINERA > Monitoreo de salud estructural > Seguimiento continuo con sensores: información en tiempo real
KB-IOM-060,INFRA OPERACIÓN MINERA,Monitoreo de salud estructural,Análisis predictivo para mantenimiento oportuno,,USE_AUDITED_CORRECTION,Usar únicamente la versión corregida/normalizada por la auditoría 2A.1B; no reutilizar la normalización anterior.,NORMALIZADO_SEGUN_AUDITORIA,"No se extiende automáticamente a chancadores, molinos y correas. | No usar “equipo rotativo” para todo el bloque.",R0204,DOC-27,INFRA OPERACIÓN MINERA > Monitoreo de salud estructural > Análisis predictivo para mantenimiento oportuno
KB-IOM-061,INFRA OPERACIÓN MINERA,Gestión de integridad estructural (SIM),Programa SIM,Infraestructura minera,USE_WITH_MATIZ,Puede usarse sólo conservando el matiz/limitación registrada; no ampliar el alcance.,VALIDADO_CON_MATIZ_2A1B,,R0157 | R0205,DOC-19 | DOC-27,INFRA OPERACIÓN MINERA > Gestión de integridad estructural (SIM) > Programa SIM > Infraestructura minera
KB-IOM-062,INFRA OPERACIÓN MINERA,Planes de mantenimiento estructural,Plan de mantenimiento para vida útil,Activos mineros,USE_FACTUAL,"Puede usarse como conocimiento técnico factual, respetando literalmente el alcance respaldado por la evidencia.",VALIDADO_2A1B,,R0158 | R0207,DOC-19 | DOC-27,INFRA OPERACIÓN MINERA > Planes de mantenimiento estructural > Plan de mantenimiento para vida útil > Activos mineros
KB-IOM-063,INFRA OPERACIÓN MINERA,Revisión de cumplimiento normativo,Tres ámbitos de revisión normativa,Marcos normativos y corporativos mineros,USE_FACTUAL,"Puede usarse como conocimiento técnico factual, respetando literalmente el alcance respaldado por la evidencia.",VALIDADO_2A1B,,R0197,DOC-28,INFRA OPERACIÓN MINERA > Revisión de cumplimiento normativo > Tres ámbitos de revisión normativa > Marcos normativos y corporativos mineros
KB-IOM-064,INFRA OPERACIÓN MINERA,Acústica ambiental,Estudios de impacto acústico,Proyectos mineros,USE_FACTUAL,"Puede usarse como conocimiento técnico factual, respetando literalmente el alcance respaldado por la evidencia.",VALIDADO_2A1B,,R0249,DOC-11,INFRA OPERACIÓN MINERA > Acústica ambiental > Estudios de impacto acústico > Proyectos mineros
KB-IOM-065,INFRA OPERACIÓN MINERA,Ingeniería en confiabilidad de materiales metálicos y poliméricos,Aplicación multisectorial declarada,Minería,USE_WITH_MATIZ,Puede usarse sólo conservando el matiz/limitación registrada; no ampliar el alcance.,VALIDADO_CON_MATIZ_2A1B,,R0260,DOC-25,INFRA OPERACIÓN MINERA > Ingeniería en confiabilidad de materiales metálicos y poliméricos > Aplicación multisectorial declarada > Minería
KB-LMD-001,LAB MINERO DIGITAL,Laboratorio en obra,Laboratorio permanente en faena,Proyectos mineros,USE_FACTUAL,"Puede usarse como conocimiento técnico factual, respetando literalmente el alcance respaldado por la evidencia.",VALIDADO_2A1B,El encabezado “IDIEM ES EFICIENCIA E INMEDIATEZ” no se usa como servicio.,R0063 | R0218,DOC-04 | DOC-29,LAB MINERO DIGITAL > Laboratorio en obra > Laboratorio permanente en faena > Proyectos mineros
KB-LMD-002,LAB MINERO DIGITAL,Laboratorio en obra,Seguimiento digital de resultados de ensayo,Proyectos mineros,USE_FACTUAL,"Puede usarse como conocimiento técnico factual, respetando literalmente el alcance respaldado por la evidencia.",VALIDADO_2A1B,El encabezado “IDIEM ES EFICIENCIA E INMEDIATEZ” no se usa como servicio.,R0066,DOC-04,LAB MINERO DIGITAL > Laboratorio en obra > Seguimiento digital de resultados de ensayo > Proyectos mineros
KB-LMD-003,LAB MINERO DIGITAL,Laboratorio en obra,Seguimiento en línea de resultados de ensayos,Minería,USE_AUDITED_CORRECTION,Usar únicamente la versión corregida/normalizada por la auditoría 2A.1B; no reutilizar la normalización anterior.,NORMALIZADO_SEGUN_AUDITORIA,El encabezado “IDIEM ES EFICIENCIA E INMEDIATEZ” no se usa como servicio.,R0220,DOC-29,LAB MINERO DIGITAL > Laboratorio en obra > Seguimiento en línea de resultados de ensayos > Minería
KB-LMD-004,LAB MINERO DIGITAL,Laboratorio de rocas,Ensayos de mecánica de rocas,Macizo rocoso,USE_FACTUAL,"Puede usarse como conocimiento técnico factual, respetando literalmente el alcance respaldado por la evidencia.",VALIDADO_2A1B,Claims de exclusividad/ranking mundial quedan bloqueados; se conserva la existencia del equipo.,R0166,DOC-21,LAB MINERO DIGITAL > Laboratorio de rocas > Ensayos de mecánica de rocas > Macizo rocoso
KB-LMD-005,LAB MINERO DIGITAL,Laboratorio de rocas,Ensayos de mecánica de rocas,Industria minera,USE_FACTUAL,"Puede usarse como conocimiento técnico factual, respetando literalmente el alcance respaldado por la evidencia.",VALIDADO_2A1B,Claims de exclusividad/ranking mundial quedan bloqueados; se conserva la existencia del equipo.,R0211,DOC-30,LAB MINERO DIGITAL > Laboratorio de rocas > Ensayos de mecánica de rocas > Industria minera
KB-LMD-006,LAB MINERO DIGITAL,Laboratorio de rocas,Triaxial Gigante / equipo para grandes partículas,,USE_TECHNICAL_CORE_BLOCK_CLAIMS,"Puede usarse el núcleo técnico; rankings, exclusividades, superlativos u otros claims asociados quedan bloqueados.",VALIDO_CON_CLAIMS_BLOQUEADOS,Claims de exclusividad/ranking mundial quedan bloqueados; se conserva la existencia del equipo.,R0167,DOC-21,LAB MINERO DIGITAL > Laboratorio de rocas > Triaxial Gigante / equipo para grandes partículas
KB-LMD-007,LAB MINERO DIGITAL,Laboratorio de geotecnia,Triaxial Gigante: ensayo de suelos con partículas de gran tamaño,Gran minería,USE_AUDITED_CORRECTION,Usar únicamente la versión corregida/normalizada por la auditoría 2A.1B; no reutilizar la normalización anterior.,NORMALIZADO_SEGUN_AUDITORIA,Asignación a LAB MINERO DIGITAL por decisión explícita del usuario: Triaxial Gigante se considera siempre asociado a proyectos mineros. | La existencia del laboratorio se conserva; “primer y mayor” queda fuera de la capacidad técnica. | “Desarrollado con ingeniería propia” se conserva como atributo; ranking mundial pendiente de validación.,R0212,DOC-30,LAB MINERO DIGITAL > Laboratorio de geotecnia > Triaxial Gigante: ensayo de suelos con partículas de gran tamaño > Gran minería
KB-LMD-008,LAB MINERO DIGITAL,Laboratorio de geotecnia,Triaxial Gigante: ensayo de suelos con partículas de gran tamaño,Presas de tierra,USE_AUDITED_CORRECTION,Usar únicamente la versión corregida/normalizada por la auditoría 2A.1B; no reutilizar la normalización anterior.,NORMALIZADO_SEGUN_AUDITORIA,Asignación a LAB MINERO DIGITAL por decisión explícita del usuario: Triaxial Gigante se considera siempre asociado a proyectos mineros. | La existencia del laboratorio se conserva; “primer y mayor” queda fuera de la capacidad técnica. | “Desarrollado con ingeniería propia” se conserva como atributo; ranking mundial pendiente de validación.,R0213,DOC-30,LAB MINERO DIGITAL > Laboratorio de geotecnia > Triaxial Gigante: ensayo de suelos con partículas de gran tamaño > Presas de tierra
KB-LMD-009,LAB MINERO DIGITAL,Laboratorio de geotecnia,Triaxial Gigante,,USE_TECHNICAL_CORE_BLOCK_CLAIMS,"Puede usarse el núcleo técnico; rankings, exclusividades, superlativos u otros claims asociados quedan bloqueados.",VALIDO_CON_CLAIMS_BLOQUEADOS,Asignación a LAB MINERO DIGITAL por decisión explícita del usuario: Triaxial Gigante se considera siempre asociado a proyectos mineros. | La existencia del laboratorio se conserva; “primer y mayor” queda fuera de la capacidad técnica. | “Desarrollado con ingeniería propia” se conserva como atributo; ranking mundial pendiente de validación.,R0214,DOC-30,LAB MINERO DIGITAL > Laboratorio de geotecnia > Triaxial Gigante
KB-LMD-010,LAB MINERO DIGITAL,Control de calidad de uniones HDPE,Control de uniones soldadas HDPE,Procesos mineros,USE_FACTUAL,"Puede usarse como conocimiento técnico factual, respetando literalmente el alcance respaldado por la evidencia.",VALIDADO_2A1B,,R0171 | R0188,DOC-22 | DOC-23,LAB MINERO DIGITAL > Control de calidad de uniones HDPE > Control de uniones soldadas HDPE > Procesos mineros
KB-LMD-011,LAB MINERO DIGITAL,Control de calidad de uniones HDPE,Ensayos no destructivos en HDPE,Uniones soldadas HDPE,USE_FACTUAL,"Puede usarse como conocimiento técnico factual, respetando literalmente el alcance respaldado por la evidencia.",VALIDADO_2A1B,,R0172,DOC-23,LAB MINERO DIGITAL > Control de calidad de uniones HDPE > Ensayos no destructivos en HDPE > Uniones soldadas HDPE
KB-LMD-012,LAB MINERO DIGITAL,Control de calidad de uniones HDPE,Ensayos mecánicos en HDPE,Uniones soldadas HDPE,USE_FACTUAL,"Puede usarse como conocimiento técnico factual, respetando literalmente el alcance respaldado por la evidencia.",VALIDADO_2A1B,,R0173,DOC-23,LAB MINERO DIGITAL > Control de calidad de uniones HDPE > Ensayos mecánicos en HDPE > Uniones soldadas HDPE
KB-LMD-013,LAB MINERO DIGITAL,Control de calidad de uniones HDPE,Cobertura de fabricación a montaje,Líneas de conducción HDPE,USE_FACTUAL,"Puede usarse como conocimiento técnico factual, respetando literalmente el alcance respaldado por la evidencia.",VALIDADO_2A1B,,R0174,DOC-23,LAB MINERO DIGITAL > Control de calidad de uniones HDPE > Cobertura de fabricación a montaje > Líneas de conducción HDPE
KB-LMD-014,LAB MINERO DIGITAL,Control de calidad de uniones HDPE,Documentación técnica de fabricación,,USE_FACTUAL,"Puede usarse como conocimiento técnico factual, respetando literalmente el alcance respaldado por la evidencia.",VALIDADO_2A1B,,R0175,DOC-23,LAB MINERO DIGITAL > Control de calidad de uniones HDPE > Documentación técnica de fabricación
KB-LMD-015,LAB MINERO DIGITAL,Control de calidad de uniones HDPE,Ensayos no destructivos y ensayos mecánicos de HDPE,Uniones soldadas de HDPE,USE_AUDITED_CORRECTION,Usar únicamente la versión corregida/normalizada por la auditoría 2A.1B; no reutilizar la normalización anterior.,NORMALIZADO_SEGUN_AUDITORIA,,R0189,DOC-22,LAB MINERO DIGITAL > Control de calidad de uniones HDPE > Ensayos no destructivos y ensayos mecánicos de HDPE > Uniones soldadas de HDPE
KB-LMD-016,LAB MINERO DIGITAL,Inspección no destructiva de soldaduras,Ensayos no destructivos en soldadura,Minería y maestranzas,USE_FACTUAL,"Puede usarse como conocimiento técnico factual, respetando literalmente el alcance respaldado por la evidencia.",VALIDADO_2A1B,“Principales proyectos mineros” se mantiene fuera como claim promocional.,R0180,DOC-24,LAB MINERO DIGITAL > Inspección no destructiva de soldaduras > Ensayos no destructivos en soldadura > Minería y maestranzas
KB-LMD-017,LAB MINERO DIGITAL,Inspección no destructiva de soldaduras,Inspección de soldaduras metálicas con técnicas no destructivas,Minería y maestranzas,USE_AUDITED_CORRECTION,Usar únicamente la versión corregida/normalizada por la auditoría 2A.1B; no reutilizar la normalización anterior.,NORMALIZADO_SEGUN_AUDITORIA,“Principales proyectos mineros” se mantiene fuera como claim promocional.,R0181,DOC-24,LAB MINERO DIGITAL > Inspección no destructiva de soldaduras > Inspección de soldaduras metálicas con técnicas no destructivas > Minería y maestranzas
KB-LMD-018,LAB MINERO DIGITAL,Inspección no destructiva de soldaduras,Inspección visual y superficial,Estructuras y componentes mecánicos,USE_FACTUAL,"Puede usarse como conocimiento técnico factual, respetando literalmente el alcance respaldado por la evidencia.",VALIDADO_2A1B,“Principales proyectos mineros” se mantiene fuera como claim promocional.,R0182,DOC-24,LAB MINERO DIGITAL > Inspección no destructiva de soldaduras > Inspección visual y superficial > Estructuras y componentes mecánicos
KB-LMD-019,LAB MINERO DIGITAL,Inspección no destructiva de soldaduras,Detección de defectos internos,Soldaduras metálicas,USE_FACTUAL,"Puede usarse como conocimiento técnico factual, respetando literalmente el alcance respaldado por la evidencia.",VALIDADO_2A1B,“Principales proyectos mineros” se mantiene fuera como claim promocional.,R0183,DOC-24,LAB MINERO DIGITAL > Inspección no destructiva de soldaduras > Detección de defectos internos > Soldaduras metálicas
KB-LMD-020,LAB MINERO DIGITAL,Inspección no destructiva de soldaduras,Calificación de procedimientos y soldadores,Procedimientos y soldadores,USE_FACTUAL,"Puede usarse como conocimiento técnico factual, respetando literalmente el alcance respaldado por la evidencia.",VALIDADO_2A1B,“Principales proyectos mineros” se mantiene fuera como claim promocional.,R0184,DOC-24,LAB MINERO DIGITAL > Inspección no destructiva de soldaduras > Calificación de procedimientos y soldadores > Procedimientos y soldadores
KB-LMD-021,LAB MINERO DIGITAL,Laboratorio de geotecnia,,,USE_TECHNICAL_CORE_BLOCK_CLAIMS,"Puede usarse el núcleo técnico; rankings, exclusividades, superlativos u otros claims asociados quedan bloqueados.",VALIDO_CON_CLAIMS_BLOQUEADOS,Se conserva la existencia del Laboratorio de geotecnia; los superlativos “primer y mayor” quedan pendientes de validación externa.,R0168,DOC-21,LAB MINERO DIGITAL > Laboratorio de geotecnia
